Epoch,Loss,Time,Accuracy
1,0.196677,57.9,0.9723
2,0.055729,60.2,0.9802
3,0.028606,60.7,0.9832
4,0.018365,61.4,0.9843
5,0.015604,62.2,0.9851
6,0.012914,60.5,0.9865
7,0.009439,60.9,0.9893
8,0.008812,60.9,0.99
9,0.007666,61.0,0.9887
10,0.006197,60.4,0.9882
11,0.007844,60.9,0.9877
12,0.005575,60.9,0.9896
13,0.005449,61.2,0.988
14,0.004095,61.4,0.9877
15,0.005644,61.6,0.9858
16,0.005891,61.2,0.9913
17,0.002485,61.9,0.9918
18,0.005556,61.1,0.9905
19,0.004799,61.5,0.9896
20,0.00405,61.7,0.9905